{
  "AAA": "Anaa, TU",
  "AAB": "Arrabury, QL",
  "AAC": "Al-Arish",
  "AAD": "Ad-Dabbah",
  "AAE": "Annaba",
  "AAF": "Municipal, FL",
  "AAG": "Arapoti, PR",
  "AAH": "Merzbrueck",
  "AAI": "Arraias, TD",
  "AAJ": "Cayana Airstrip",
  "AAK": "Aranuka",
  "AAL": "Aalborg",
  "AAM": "Malamala",
  "AAN": "Al Ain",
  "AAO": "Anaco, AN",
  "AAP": "Andrau Airpark, TX",
  "AAQ": "Vitiazevo",
  "AAR": "Aarhus",
  "AAS": "Apalapsili",
  "AAT": "Altay",
  "AAU": "Asau",
  "AAV": "Alah",
  "AAW": "Abbottabad",
  "AAX": "Araxa, MG",
  "AAY": "Al-Ghaida",
  "AAZ": "Quetzaltenango",
  "ABA": "Abakan",
  "ABB": "Abingdon",
  "ABC": "Albacete",
  "ABD": "Abadan",
  "ABE": "Allentown",
  "ABF": "Abaiang",
  "ABG": "Abingdon, QL",
  "ABH": "Alpha, QL",
  "ABI": "Abilene",
  "ABJ": "Abidjan",
  "ABK": "Kabre Dare",
  "ABL": "Ambler, AK",
  "ABM": "Bamaga, QL",
  "ABN": "Albina",
  "ABO": "Aboisso",
  "ABP": "Atkamba",
  "ABQ": "Albuquerque",
  "ABR": "Regional, SD",
  "ABS": "Abu Simpel",
  "ABT": "Al-bayaah",
  "ABU": "Haliwen",
  "ABV": "Abuja",
  "ABW": "Abau",
  "ABX": "Albury, NS",
  "ABY": "Albany",
  "ABZ": "Aberdeen",
  "ACA": "Acapulco",
  "ACB": "Antrim County, MI",
  "ACC": "Accra",
  "ACD": "Acandi, CH",
  "ACE": "Arrecife",
  "ACH": "Altenrhein",
  "ACI": "Alderney",
  "ACK": "Nantucket",
  "ACL": "Aguaclara",
  "ACM": "Arica",
  "ACN": "Int'l",
  "ACO": "Ascona",
  "ACR": "Araracuara, CQ",
  "ACS": "Achinsk",
  "ACT": "Regional, TX",
  "ACU": "Achutupo",
  "ACV": "Arcata",
  "ACY": "Atlantic City",
  "ADA": "Adana",
  "ADB": "Izmir",
  "ADD": "Addis Abeba",
  "ADE": "Aden",
  "ADF": "Adiyaman",
  "ADG": "Lenawee County, MI",
  "ADH": "Aldan",
  "ADI": "Arandis",
  "ADJ": "Amman",
  "ADK": "Adak NAF, AK",
  "ADL": "Adelaide",
  "ADM": "Municipal, OK",
  "ADN": "Andes, AN",
  "ADO": "Andamooka, SA",
  "ADP": "Anuradhapura",
  "ADQ": "Kodiak, AK",
  "ADR": "Andrews Sc",
  "ADS": "Addison, TX",
  "ADT": "Ada, OK",
  "ADU": "Ardabil",
  "ADV": "Andover",
  "ADW": "Camp Springs MD",
  "ADX": "Leuchars",
  "ADY": "Alldays",
  "ADZ": "Sesquicentenario, SA",
  "AEA": "Abemama Atoll",
  "AED": "Aleneva, AK",
  "AEG": "Aek Godang",
  "AEH": "Abecher",
  "AEK": "Aseki",
  "AEL": "Albert Lea, MN",
  "AEO": "Aioun El Atrouss",
  "AEP": "Buenos Aires",
  "AER": "Sochi",
  "AES": "Aalesund",
  "AET": "Allakaket, AK",
  "AEX": "Int'l, LA",
  "AEY": "Akureyri",
  "AFA": "San Rafael, MD",
  "AFD": "Port Alfred",
  "AFF": "USAF Academy, CO",
  "AFI": "Amalfi, AN",
  "AFL": "Alta Floresta, MT",
  "AFN": "Municipal, NH",
  "AFO": "Municipal, WY",
  "AFR": "Afore",
  "AFT": "Afutara",
  "AFW": "Alliance, TX",
  "AFY": "AFYON",
  "AGA": "Agadir",
  "AGB": "Augsburg",
  "AGC": "Allegheny County, PA",
  "AGD": "Anggi",
  "AGE": "Wangerooge",
  "AGF": "Agen",
  "AGG": "Angoram",
  "AGH": "Helsingborg",
  "AGI": "Wageningen",
  "AGJ": "Aguni",
  "AGK": "Kagua",
  "AGL": "Wanigela",
  "AGM": "Ammassalik",
  "AGN": "Angoon, AK",
  "AGO": "Municipal, AR",
  "AGP": "Malaga",
  "AGQ": "Agrinion",
  "AGR": "Kheria",
  "AGS": "augusta",
  "AGT": "Guarani",
  "AGU": "Aguascalientes",
  "AGV": "Oswaldo Guevara Mujica, P",
  "AGW": "Agnew, QL",
  "AGX": "Agatti Island",
  "AGY": "Argyle Downs, WA",
  "AGZ": "Aggeneys",
  "AHA": "Naha AFB",
  "AHB": "Abha",
  "AHC": "Amedee AAF, CA",
  "AHD": "Downtown/Executive, OK",
  "AHE": "Ahe",
  "AHF": "Municipal, NE",
  "AHH": "Municipal, WI",
  "AHI": "Amahai",
  "AHL": "Aishalton",
  "AHN": "Ben Epps, GA",
  "AHO": "Alghero",
  "AHS": "Ahuas",
  "AHT": "Amchitka, AK",
  "AHU": "Al Hoceima",
  "AHY": "Ambatolahy",
  "AHZ": "L'Alpe d'Huez",
  "AIA": "Alliance, NE",
  "AIB": "Anita Bay, AK",
  "AIC": "Airok",
  "AID": "Municipal, IN",
  "AIE": "Aiome",
  "AIF": "Assis, SP",
  "AIG": "Yalinda",
  "AII": "Ali-Sabieh",
  "AIK": "Municipal, SC",
  "AIL": "Ailigandi",
  "AIM": "Ailuk Island",
  "AIN": "Municipal, AK",
  "AIO": "Municipal, IA",
  "AIP": "Ailinglapalap Island",
  "AIR": "Aripuana, MT",
  "AIS": "Arorae",
  "AIT": "Aitutaki",
  "AIU": "Atiu",
  "AIV": "George Downer, AL",
  "AIW": "Ai-Ais",
  "AIY": "Bader Field, NJ",
  "AIZ": "Lee C. Fine Memo",
  "AJA": "Ajaccio",
  "AJF": "Jouf",
  "AJI": "Agri",
  "AJJ": "Akjoujt",
  "AJL": "Aizwal",
  "AJN": "Ouani",
  "AJO": "Al-Jouf",
  "AJR": "Arvidsjaur",
  "AJS": "Abreojos",
  "AJU": "Aracaju",
  "AJY": "Manu Dayak",
  "AKA": "Ankang",
  "AKB": "Atka, AK",
  "AKC": "Fulton Int'l, OH",
  "AKD": "Akola",
  "AKE": "Akieni",
  "AKF": "Kufrah",
  "AKG": "Anguganak",
  "AKH": "Al Kharj Airport",
  "AKI": "Akiak, AK",
  "AKJ": "Asahikawa",
  "AKK": "Akhiok SPB, AK",
  "AKL": "Auckland",
  "AKM": "Zakouma",
  "AKN": "King Salmon, AK",
  "AKO": "Washington County, CO",
  "AKP": "Anaktuvuk, AK",
  "AKQ": "Gunung Batin",
  "AKR": "Akure",
  "AKS": "Gwaunarru'u' (Malaita Island)",
  "AKT": "Akrotiri",
  "AKU": "Aksu",
  "AKV": "Akulivik, QU",
  "AKX": "Aktyubinsk",
  "AKY": "Sittwe",
  "ALA": "Almaty",
  "ALB": "Albany",
  "ALC": "Alicante",
  "ALD": "Alerta",
  "ALE": "Alpine, TX",
  "ALF": "Alta",
  "ALG": "Algiers",
  "ALH": "Albany, WA",
  "ALI": "Int'l, TX",
  "ALJ": "Kortdoorn",
  "ALK": "Asela",
  "ALL": "Albenga",
  "ALM": "White Sands Regional, N",
  "ALN": "St.Louis Regional, IL",
  "ALO": "Waterloo",
  "ALP": "Aleppo",
  "ALQ": "Federal, RS",
  "ALR": "Alexandra",
  "ALS": "Municipal, CO",
  "ALT": "ALENQUER",
  "ALU": "Alula",
  "ALV": "Heliport",
  "ALW": "Walla Walla",
  "ALX": "Thomas C. Russell F",
  "ALY": "Alexandria",
  "ALZ": "SPB, AK",
  "AMA": "Amarillo",
  "AMB": "Ambilobe",
  "AMC": "Am Timan",
  "AMD": "Ahmedabad",
  "AME": "Alto Molocue",
  "AMF": "Ama",
  "AMG": "Amboin",
  "AMH": "Arba Minch",
  "AMI": "Selaparang",
  "AMJ": "Almenara, MG",
  "AMK": "Animas Airpark, CO",
  "AML": "Puerto Armuellas",
  "AMM": "Amman",
  "AMN": "Gratiot Community, MI",
  "AMO": "Mao",
  "AMP": "Ampanihy",
  "AMQ": "Pattimura",
  "AMR": "Arno",
  "AMS": "Amsterdam",
  "AMT": "Amata, NT",
  "AMU": "Amanab",
  "AMV": "Amderma",
  "AMW": "Ames, IA",
  "AMX": "Ammaroo, NT",
  "AMY": "Ambatomainty",
  "AMZ": "Ardmore",
  "ANA": "Anaheim, CA",
  "ANB": "Metropolitan, AL",
  "ANC": "Anchorage",
  "AND": "County, SC",
  "ANE": "Angers",
  "ANF": "Cerro Morena Int'l",
  "ANG": "Angouleme",
  "ANH": "Anuha Island Resort",
  "ANI": "Aniak, AK",
  "ANJ": "Zanaga",
  "ANK": "Ankara",
  "ANL": "Andulo",
  "ANM": "Antalaha",
  "ANN": "Annette Island, AK",
  "ANO": "Angoche",
  "ANP": "Lee, MO",
  "ANQ": "Tri-State Steuben County, I",
  "ANR": "Antwerp",
  "ANS": "Andahuaylas",
  "ANT": "Saint Anton",
  "ANU": "Antigua",
  "ANV": "Anvik, AK",
  "ANW": "Ainsworth, NE",
  "ANX": "Andoya",
  "ANY": "Anthony, KS",
  "ANZ": "Angus Downs, NT",
  "AOA": "Aroa",
  "AOB": "Annanberg",
  "AOC": "Nobitz",
  "AOD": "Abou Deia",
  "AOE": "Eskisehir H Polatkan",
  "AOG": "Anshan",
  "AOH": "Allen County, OH",
  "AOI": "Ancona",
  "AOJ": "Aomori",
  "AOK": "Karpathos",
  "AOL": "Paso de los Libres, CR",
  "AON": "Arona",
  "AOO": "Blair County,",
  "AOR": "Sultan Abdul Halim",
  "AOS": "Amook, AK",
  "AOT": "Aosta",
  "AOU": "Attopeu",
  "APA": "Centennial",
  "APB": "Apolo",
  "APC": "Napa, CA",
  "APE": "San Juan Aposento",
  "APF": "Naples",
  "APG": "Phillips AAF (Proving Gro",
  "APH": "Camp A.P. Hill, VA",
  "API": "Apiay, ME",
  "APK": "Apataki, TU",
  "APL": "Nampula",
  "APN": "County Regional, MI",
  "APO": "Apartado",
  "APP": "Asapa",
  "APQ": "Arapiraca, AL",
  "APR": "April River",
  "APS": "Anapolis, GO",
  "APT": "Marion County, TN",
  "APU": "Apucarana, PR",
  "APV": "Apple Valley, CA",
  "APW": "Apia",
  "APX": "Arapongas, PR",
  "APY": "Alto Parnaiba, MA",
  "APZ": "Zapala, NE",
  "AQA": "Araraquara, SP",
  "AQB": "Quiche",
  "AQG": "Anqing",
  "AQI": "Qaisumah",
  "AQJ": "Aqaba",
  "AQM": "Ariquemes, RO",
  "AQP": "Arequipa",
  "AQS": "Saqani",
  "AQY": "Alyeska, AK",
  "ARA": "Acadiana Regional, LA",
  "ARB": "Municipal, MI",
  "ARC": "Arctic Village, AK",
  "ARD": "Alor Island",
  "ARE": "Arecibo",
  "ARF": "Acaricuara",
  "ARG": "Walnut Ridge, AR",
  "ARH": "Talagi",
  "ARI": "Arica",
  "ARJ": "Arso",
  "ARK": "Arusha",
  "ARL": "Arli",
  "ARM": "Armidale, NS",
  "ARN": "Stockholm",
  "ARO": "Arboletas",
  "ARP": "Aragip",
  "ARQ": "Arauquita",
  "ARR": "Alto Rio Senguerr, CH",
  "ARS": "Aragarcas, GO",
  "ART": "Int'l, NY",
  "ARU": "Aracatuba, SP",
  "ARV": "Noble F.Lee, WI",
  "ARW": "Arad",
  "ARX": "Asbury Park, NJ",
  "ARY": "Ararat, VI",
  "ARZ": "N'Zeto",
  "ASA": "Assab",
  "ASB": "Ashkhabad",
  "ASC": "Ascension",
  "ASD": "Andros Town, Andros Island",
  "ASE": "Aspen",
  "ASF": "Narimanovo",
  "ASG": "Ashburton",
  "ASH": "Boire Field, NH",
  "ASI": "Wideawake Field",
  "ASJ": "Amami O Shima",
  "ASK": "Yamoussoukro",
  "ASL": "Harrison County, TX",
  "ASM": "Asmara",
  "ASN": "Talladega, AL",
  "ASO": "Assosa",
  "ASP": "Alice Springs",
  "ASQ": "Austin, NV",
  "ASR": "Kayseri",
  "AST": "Astoria, OR",
  "ASU": "Asuncion",
  "ASV": "Amboseli",
  "ASW": "Aswan",
  "ASX": "Ashland, WI",
  "ASY": "Ashley, ND",
  "ASZ": "Asirim",
  "ATA": "Comandante FAP German Arias G",
  "ATB": "Atbara",
  "ATC": "Arthur's Town, Cay Island",
  "ATD": "Atoifi, Uru Harbour (Malaita Islan",
  "ATE": "Antlers, OK",
  "ATF": "Ambato",
  "ATH": "Athens",
  "ATI": "Int'l",
  "ATJ": "Antsirabe",
  "ATK": "Atqasuk, AK",
  "ATL": "Atlanta",
  "ATM": "Altamira, PA",
  "ATN": "Namatanai",
  "ATO": "Ohio University, OH",
  "ATP": "Airstrip",
  "ATQ": "Raja Sansi",
  "ATR": "Mouakchott",
  "ATS": "Artesia, NM",
  "ATT": "Atmautluak, AK",
  "ATU": "Casco Cove, AK",
  "ATV": "Ati",
  "ATW": "Appleton",
  "ATX": "Atbasar",
  "ATY": "Municipal, SD",
  "ATZ": "Asyut",
  "AUA": "Aruba",
  "AUB": "Itauba, MT",
  "AUC": "Santiago Perez, AR",
  "AUD": "Augustus Downs, QL",
  "AUE": "Abu Rudeis",
  "AUF": "Auxerre",
  "AUG": "Augusta",
  "AUH": "Abu Dhabi",
  "AUI": "Aua Island",
  "AUJ": "Ambunti",
  "AUK": "Alakanuk, AK",
  "AUL": "Aur Island",
  "AUM": "Austin, MN",
  "AUN": "Auburn, CA",
  "AUO": "Opelika, AL",
  "AUP": "Agaun",
  "AUQ": "Atuona, MA",
  "AUR": "Aurillac",
  "AUS": "Austin",
  "AUT": "Atauro",
  "AUU": "Aurukun Mission, QL",
  "AUW": "Municipal, WI",
  "AUX": "Metz",
  "AUY": "Aneityum",
  "AUZ": "Municipal, IL",
  "AVB": "Aviano",
  "AVF": "Avoriaz",
  "AVG": "Auvergne, NT",
  "AVI": "Ciego de avi",
  "AVK": "Arvaikheer",
  "AVL": "Asheville",
  "AVN": "Avignon",
  "AVO": "Avon Park, FL",
  "AVP": "Wilkes-Barre",
  "AVU": "Haimarau (Guadalcanal Isla",
  "AVV": "Avalon",
  "AVW": "Avra Valley, AZ",
  "AVX": "Avalon Bay, CA",
  "AWA": "Lake Awasa",
  "AWB": "Awaba",
  "AWD": "Aniwa",
  "AWE": "Alowe",
  "AWH": "Awareh",
  "AWK": "Wake Island",
  "AWM": "Municipal, AR",
  "AWN": "Alton Downs, SA",
  "AWP": "Austral Downs, NT",
  "AWR": "Awar",
  "AWZ": "Ahwaz",
  "AXA": "Wallblake",
  "AXB": "Alexandria Bay, NY",
  "AXC": "Aramac, QL",
  "AXD": "Alexandr.Pls",
  "AXE": "Xanxere, SC",
  "AXG": "Algona, IA",
  "AXK": "Ataq",
  "AXL": "Alexandria, NT",
  "AXM": "Armenia, QU",
  "AXN": "Chandler Field, MN",
  "AXP": "Spring Point, Acklins Island",
  "AXR": "Arutua, TU",
  "AXS": "Municipal, OK",
  "AXT": "Akita",
  "AXU": "Axum",
  "AXV": "Neil Armstrong, OH",
  "AXX": "Angel Fire, NM",
  "AYA": "Ayapel",
  "AYC": "Ayacucho",
  "AYD": "Alroy Downs, NT",
  "AYE": "Ayer Moore AAF, MA",
  "AYG": "Yaguara, CQ",
  "AYH": "RAF",
  "AYI": "Yari",
  "AYK": "Arkalyk",
  "AYL": "Anthony Lagoon, NT",
  "AYN": "Anyang",
  "AYO": "Ayolas",
  "AYP": "Coronel FAP Alfredo Mendi",
  "AYQ": "Connellan, NT",
  "AYR": "Ayr, QL",
  "AYS": "Ware County, GA",
  "AYT": "Antalya",
  "AYU": "Aiyura",
  "AYW": "Ayawasi",
  "AYZ": "Zahns, NY",
  "AZB": "Amazon Bay",
  "AZD": "Yazd",
  "AZG": "Apatzingan",
  "AZI": "Al Bateen",
  "AZN": "Andizhan",
  "AZO": "Kalamazoo",
  "AZP": "Atizapan",
  "AZR": "Touat",
  "AZT": "Zapatoca",
  "AZZ": "Ambriz",
  "BAA": "Bialla",
  "BAB": "Beale AFB, CA",
  "BAC": "Barranca de Cupia",
  "BAD": "Barksdale",
  "BAE": "Saint-Pons",
  "BAF": "Westfield.Ma",
  "BAG": "Baguio, BE",
  "BAH": "Bahrain",
  "BAI": "Buenos Aires",
  "BAJ": "Bali",
  "BAK": "Bakoe",
  "BAL": "Batman",
  "BAM": "Lander County, NV",
  "BAN": "Basongo",
  "BAO": "Udorn",
  "BAP": "Baibara",
  "BAQ": "Barranquilla",
  "BAR": "AAF",
  "BAS": "Ballalae (Shortland Islands)",
  "BAT": "Chafei Amsei, SP",
  "BAU": "Bauru, SP",
  "BAV": "Baotou",
  "BAW": "Biawonque",
  "BAX": "Barnaul",
  "BAY": "Tauti Magheraus",
  "BAZ": "Barbelos, AM",
  "BBA": "Teniente Vidal",
  "BBB": "Municipal, MN",
  "BBC": "Bay City, TX",
  "BBD": "Curtis Field, TX",
  "BBE": "Big Bell, WA",
  "BBF": "Burlington, MA",
  "BBG": "Butaritari",
  "BBH": "Barth",
  "BBI": "Bhubaneshwar",
  "BBJ": "Bitburg",
  "BBK": "Kasane",
  "BBL": "Babolsar",
  "BBM": "Battambang",
  "BBN": "Bario",
  "BBO": "Berbera",
  "BBP": "Bembridge",
  "BBQ": "Codrington, Barbuda",
  "BBR": "Ballif",
  "BBS": "Blackbushe",
  "BBT": "Berberati",
  "BBU": "Bucharest",
  "BBV": "Bereby",
  "BBW": "Broken Bow, NE",
  "BBX": "Blue Bell",
  "BBY": "Bambari",
  "BBZ": "Zambezi",
  "BCA": "Oriente",
  "BCB": "Virginia Tech, VA",
  "BCC": "Bear Creek, AK",
  "BCD": "Bacolod, NO",
  "BCE": "Bryce Canyon, UT",
  "BCF": "Bouca",
  "BCG": "Bemichi",
  "BCH": "Cakung",
  "BCI": "Barcaldine, QL",
  "BCJ": "Boca Grande, CO",
  "BCK": "Bolwarra, QL",
  "BCL": "Barra del Colorado",
  "BCM": "Bacau",
  "BCN": "Barcelona",
  "BCO": "Jinka",
  "BCP": "Bambu",
  "BCQ": "Brack",
  "BCR": "Boca do Acre, AM",
  "BCS": "Southern Seaplane, LA",
  "BCT": "Boca Raton",
  "BCU": "Bauchi",
  "BCV": "Belmopan",
  "BCW": "Benguera Island",
  "BCX": "Beloreck",
  "BCY": "Bulchi",
  "BCZ": "Bickerton Island, NT",
  "BDA": "Hamilton",
  "BDB": "Bundaberg, QL",
  "BDC": "Barra do Corda, MA",
  "BDD": "Badu Island, QL",
  "BDE": "Int'l, MN",
  "BDF": "Rinkenberger, IL",
  "BDG": "Blanding, UT",
  "BDH": "Bandar Lengheh",
  "BDI": "Bird Island",
  "BDJ": "Banjarmasin",
  "BDK": "Soko",
  "BDL": "Hartford Springfield",
  "BDM": "Bandirma",
  "BDN": "Talhar",
  "BDO": "Bandung",
  "BDP": "Bhadrapur",
  "BDQ": "Vadodara",
  "BDR": "Bridgeport",
  "BDS": "Brindisi",
  "BDT": "Gbadolite",
  "BDU": "Bardufoss",
  "BDV": "Moba",
  "BDW": "Bedford Downs, WA",
  "BDX": "Broadus, MT",
  "BDY": "State, OR",
  "BDZ": "Baindoung",
  "BEA": "Bereina",
  "BEB": "Benbecula",
  "BEC": "Beech, KS",
  "BED": "Laurence G.",
  "BEE": "Beagle Bay, WA",
  "BEF": "Bluefields",
  "BEG": "Belgrade",
  "BEH": "Ross Field, MI",
  "BEI": "Beica",
  "BEJ": "Berau",
  "BEK": "Bareilly",
  "BEL": "Belem",
  "BEM": "Bossembele",
  "BEN": "Benghazi",
  "BEO": "Belmont, NS",
  "BEP": "Bellary",
  "BEQ": "Honington (Bury St. Edmunds)",
  "BER": "Berlin Brandenburg",
  "BES": "Brest",
  "BET": "Bethel, AK",
  "BEU": "Bedourie, QL",
  "BEV": "Teyman",
  "BEW": "Beira",
  "BEX": "RAF",
  "BEY": "Beirut",
  "BEZ": "Beru",
  "BFB": "Blue Fox Bay, AK",
  "BFC": "Bloomfield, QL",
  "BFD": "Regional, PA",
  "BFE": "Bielefeld",
  "BFF": "William B. Heilig Fiel",
  "BFG": "Bullfrog Basin, UT",
  "BFH": "Bacacheri, MG",
  "BFI": "Seattle",
  "BFJ": "Ba",
  "BFK": "Buckley ANG Base, CO",
  "BFL": "Bakersfield",
  "BFM": "Mobile",
  "BFN": "J.B.M. Hertzog",
  "BFO": "Buffalo Range",
  "BFP": "Beaver Falls, PA",
  "BFQ": "Bahia Pinas",
  "BFR": "Virgil I Grissom Municipal",
  "BFS": "Belfast Intl Airport",
  "BFT": "County, SC",
  "BFU": "Bengbu",
  "BFV": "Buri Ram",
  "BFX": "Bafoussam",
  "BGA": "Bucaramanga, ST",
  "BGB": "Booue",
  "BGC": "Braganca",
  "BGD": "Borger, TX",
  "BGE": "Decatur County, GA",
  "BGF": "Bangui",
  "BGG": "Bongouanou",
  "BGH": "Abbaye",
  "BGI": "Bridgetown",
  "BGJ": "Borgarfjordur Eystri",
  "BGK": "Big Creek",
  "BGL": "Baglung",
  "BGM": "Binghamton",
  "BGN": "Bruggen",
  "BGO": "Bergen",
  "BGP": "Bongo",
  "BGQ": "Big Lake, AK",
  "BGR": "Bangor",
  "BGS": "Webb AFB, TX",
  "BGT": "Bagdad, AZ",
  "BGU": "Bangassou",
  "BGV": "Bento Goncalves, RS",
  "BGW": "Baghdad",
  "BGX": "Comandant Gustavo Kraemer, RS",
  "BGY": "Milan Bergamo",
  "BGZ": "Braga",
  "BHA": "Bahia de Caraquez",
  "BHB": "Hancock County, ME",
  "BHC": "Bhurban",
  "BHD": "Belfast City Airport",
  "BHE": "Blenheim",
  "BHF": "Cupica, CH",
  "BHG": "Brus Laguna",
  "BHH": "Bisha",
  "BHI": "Bahia Blanca",
  "BHJ": "Bhuj",
  "BHK": "Bukhara",
  "BHL": "Bahia Angeles",
  "BHM": "Birmingham",
  "BHN": "Beihan",
  "BHO": "Bhopal",
  "BHP": "Bhojpur",
  "BHQ": "Broken Hill",
  "BHR": "Bharatpur",
  "BHS": "Raglan, NS",
  "BHT": "Brighton Downs, QL",
  "BHU": "Bhavnagar",
  "BHV": "Bahawalpur",
  "BHW": "Bhagantanwala",
  "BHX": "Birmingham",
  "BHY": "Beihai",
  "BIA": "Bastia",
  "BIB": "Baidoa",
  "BIC": "Big Creek, AK",
  "BID": "Block Island, RI",
  "BIE": "Beatrice, NE",
  "BIF": "biggs afb",
  "BIG": "Intermediate Field, AK",
  "BIH": "Bishop, CA",
  "BII": "Enyu Airfield",
  "BIJ": "Biliau",
  "BIK": "Biak",
  "BIL": "Billings",
  "BIM": "South Bi",
  "BIN": "Bamyan",
  "BIO": "Bilbao",
  "BIP": "Bulimba, QL",
  "BIQ": "Biarritz",
  "BIR": "Biratnagar",
  "BIS": "Bismarck",
  "BIT": "Baitadi",
  "BIU": "Bildudalur",
  "BIV": "Bria",
  "BIW": "Billiluna, WA",
  "BIX": "Keesler AFB, MS",
  "BIY": "Bulembu",
  "BIZ": "Bimin",
  "BJA": "Soummam",
  "BJB": "Bojnord, Khorasan",
  "BJC": "Jeffco, CO",
  "BJD": "Bakkafjordur",
  "BJE": "Biella",
  "BJF": "Batsfjord",
  "BJG": "Bolaang",
  "BJH": "Bajhang",
  "BJI": "Bemidji",
  "BJJ": "Wayne County, OH",
  "BJK": "Benjina",
  "BJL": "Banjul",
  "BJM": "Bujumbura",
  "BJN": "Bajone",
  "BJO": "Bermejo",
  "BJP": "Braganca Paulista, SP",
  "BJR": "Bahar Dar",
  "BJS": "Beijing",
  "BJU": "Bajura",
  "BJV": "Bodrum",
  "BJW": "Padhameleda",
  "BJX": "Del Bajio",
  "BJY": "Batajnica",
  "BJZ": "Talavera La Real",
  "BKA": "Bykovo",
  "BKB": "Bikaner",
  "BKC": "Buckland, AK",
  "BKD": "Stephens County, TX",
  "BKE": "Municipal, OR",
  "BKF": "Brooks Lake, AK",
  "BKH": "Barking Sands, HI",
  "BKI": "Kota Kinabalu",
  "BKJ": "Baralande",
  "BKK": "Bangkok",
  "BKL": "Burke Lakefront, OH",
  "BKM": "Bakalalan",
  "BKN": "Birni Nkoni",
  "BKO": "Bamako",
  "BKP": "Barkly Downs, QL",
  "BKQ": "Blackall, QL",
  "BKR": "Bokoro",
  "BKS": "Padang Kemiling",
  "BKT": "Blackstone AAF, VA",
  "BKU": "Betioky",
  "BKW": "Raleigh County Memorial, W",
  "BKX": "Brookings, SD",
  "BKY": "Kavumu",
  "BKZ": "Bukoba",
  "BLA": "Barcelona",
  "BLB": "Albrook",
  "BLC": "Bali",
  "BLD": "Boulder City, NV",
  "BLE": "Borlange",
  "BLF": "Mercer County, WV",
  "BLG": "Belaga",
  "BLH": "Blythe, CA",
  "BLI": "Bellingham",
  "BLJ": "Batna",
  "BLK": "Blackpool",
  "BLL": "Billund",
  "BLM": "Monmouth County, NJ",
  "BLN": "Benalla, VI",
  "BLO": "Blonduos",
  "BLP": "Huallaga",
  "BLQ": "Bologna",
  "BLR": "Bengaluru",
  "BLS": "Bollon, QL",
  "BLT": "Blackwater, QL",
  "BLU": "Blue Canyon, CA",
  "BLV": "Scott AFB, IL",
  "BLW": "Bellows Field, HI",
  "BLX": "Belluno",
  "BLY": "Belmullet",
  "BLZ": "Blantyre",
  "BMA": "Stockholm",
  "BMB": "Bumba",
  "BMC": "Brigham City, UT",
  "BMD": "Belo sur Tsiribihina",
  "BME": "Broome, WA",
  "BMF": "Bakouma",
  "BMG": "Monroe County, IN",
  "BMH": "Bomai",
  "BMI": "Bloomington-Normal",
  "BMJ": "Baramita",
  "BMK": "Borkum",
  "BML": "Berlin, NH",
  "BMM": "Bitam",
  "BMN": "Bamerny",
  "BMO": "Bhamo",
  "BMP": "Brampton Island, QL",
  "BMQ": "Bamburi",
  "BMR": "Baltrum",
  "BMS": "Brumado, BA",
  "BMT": "Municipal, TX",
  "BMU": "Muhammad Saluhuddin",
  "BMV": "Phung-Duc",
  "BMW": "Bordj Badji Mokhtar",
  "BMX": "AFS, AK",
  "BMY": "Belep Island",
  "BMZ": "Bamu",
  "BNA": "Nashville",
  "BNB": "Boende",
  "BNC": "Mavivi",
  "BND": "Bandar Abbas",
  "BNE": "Brisbane",
  "BNF": "Warm Spring Bay SPB, AK",
  "BNG": "Banning, CA",
  "BNH": "Barnes, CT",
  "BNI": "Benin City",
  "BNJ": "Hangelar-Bonn",
  "BNK": "Ballina, NS",
  "BNL": "Barnwell County, SC",
  "BNM": "Bodinumu",
  "BNN": "Bronnoysund",
  "BNO": "Burns, OR",
  "BNP": "Bannu",
  "BNQ": "Baganga",
  "BNR": "Banfora",
  "BNS": "Barinas, BA",
  "BNT": "Bundi",
  "BNU": "Blumenau, SC",
  "BNV": "Boana",
  "BNW": "Boone, IA",
  "BNX": "Banja Luka",
  "BNY": "Ghongau",
  "BNZ": "Banz",
  "BOA": "Boma",
  "BOB": "Motu-Mute, SO",
  "BOC": "Bocas del Toro",
  "BOD": "Bordeaux",
  "BOE": "Boundji",
  "BOF": "Bolling AFB, DC",
  "BOG": "Bogota",
  "BOH": "Bournemouth",
  "BOI": "Boise",
  "BOJ": "Bourgas",
  "BOK": "Brookings State, OR",
  "BOL": "Ballykelly",
  "BOM": "Mumbai",
  "BON": "Bonaire",
  "BOO": "Bodo",
  "BOP": "Bouar",
  "BOQ": "Boku",
  "BOR": "Belfort",
  "BOS": "Boston",
  "BOT": "Boset",
  "BOU": "Bourges",
  "BOV": "Boang",
  "BOW": "Bartow, FL",
  "BOX": "Borroloola, NT",
  "BOY": "Borgo",
  "BOZ": "Bozoum",
  "BPA": "Grumman, NY",
  "BPB": "Boridi",
  "BPC": "Bamenda",
  "BPD": "Bapi",
  "BPE": "Bagan",
  "BPF": "Batuna",
  "BPG": "Xingu, MT",
  "BPH": "Bislig, Surigao del Norte",
  "BPI": "Marbleton, WY",
  "BPM": "Begumpet",
  "BPN": "Balipapan",
  "BPS": "Porto Seguro",
  "BPT": "Beaumont",
  "BPU": "Beppu",
  "BPX": "Bangda",
  "BPY": "Besalampy",
  "BQA": "Baler, AU",
  "BQB": "Bussellton, WA",
  "BQE": "Bubaque",
  "BQH": "Biggin Hill",
  "BQI": "Bagani",
  "BQK": "Glynco Jetport, GA",
  "BQL": "Boulia, QL",
  "BQN": "Rafael Hernandez",
  "BQO": "Tehini",
  "BQQ": "Barra, BA",
  "BQS": "Ignatyevo",
  "BQT": "Brest",
  "BQU": "J.F.Mitchell",
  "BQV": "Bartlett SPB, AK",
  "BQW": "Balgo Hills, WA",
  "BRA": "Barreiras, BA",
  "BRB": "Barreirinhas, MA",
  "BRC": "Int'l, RN",
  "BRD": "Brainerd",
  "BRE": "Bremen",
  "BRF": "Bradford",
  "BRG": "Municipal, KY",
  "BRH": "Brahman",
  "BRI": "Bari",
  "BRJ": "Bright, VI",
  "BRK": "Bourke, NS",
  "BRL": "Municipal, IA",
  "BRM": "Barquisimeto",
  "BRN": "Bern",
  "BRO": "South Padre Island Int",
  "BRP": "Biaru",
  "BRQ": "Brno",
  "BRR": "North Bay",
  "BRS": "Bristol",
  "BRT": "Bathurst Island, NT",
  "BRU": "Brussels",
  "BRV": "Bremerhaven",
  "BRW": "Wiley Post-Will Rogers Memo",
  "BRX": "Barahona",
  "BRY": "Bardstown",
  "BRZ": "Borotou",
  "BSA": "Bosaso",
  "BSB": "Brasilia",
  "BSC": "Jose Celestino Mutis,",
  "BSD": "Baoshan",
  "BSE": "Sematan",
  "BSF": "Bradshaw AAF, HI",
  "BSG": "Bata",
  "BSH": "Brighton",
  "BSI": "Blairsville, PA",
  "BSJ": "Bairnsdale, VI",
  "BSK": "Biskra",
  "BSL": "Basel",
  "BSM": "Bergstrom Int'l, TX",
  "BSN": "Bossangoa",
  "BSO": "Basco, BS",
  "BSP": "Bensbach",
  "BSQ": "Municipal, AZ",
  "BSR": "Basrah",
  "BSS": "Balsas, MA",
  "BST": "Bost",
  "BSU": "Basankusu",
  "BSV": "Besakoa",
  "BSW": "Boswell Bay, AK",
  "BSX": "Bassein",
  "BSY": "Bardera",
  "BSZ": "Bishkek",
  "BTA": "Bertoua",
  "BTB": "Betou",
  "BTC": "Batticaloa",
  "BTD": "Brunette Downs, NT",
  "BTE": "Bonthe",
  "BTF": "Salt Lake Skypark, UT",
  "BTG": "Batangafo",
  "BTH": "Batu Besar",
  "BTI": "Barter Island, AK",
  "BTJ": "Blang Bintang",
  "BTK": "Bratsk",
  "BTL": "Battle Creek",
  "BTM": "Butte",
  "BTN": "Bennettsville, SC",
  "BTO": "Botopasie",
  "BTP": "Graham Field, PA",
  "BTQ": "Butare",
  "BTR": "Baton Rouge",
  "BTS": "Bratislava",
  "BTT": "Bettles, AK"
}